-- MariaDB dump 10.19  Distrib 10.7.3-MariaDB, for Win64 (AMD64)
--
-- Host: localhost    Database: betdb
-- ------------------------------------------------------
-- Server version	10.7.3-MariaDB

/*!40101 SET @OLD_CHARACTER_SET_CLIENT=@@CHARACTER_SET_CLIENT */;
/*!40101 SET @OLD_CHARACTER_SET_RESULTS=@@CHARACTER_SET_RESULTS */;
/*!40101 SET @OLD_COLLATION_CONNECTION=@@COLLATION_CONNECTION */;
/*!40101 SET NAMES utf8mb4 */;
/*!40103 SET @OLD_TIME_ZONE=@@TIME_ZONE */;
/*!40103 SET TIME_ZONE='+00:00' */;
/*!40014 SET @OLD_UNIQUE_CHECKS=@@UNIQUE_CHECKS, UNIQUE_CHECKS=0 */;
/*!40014 SET @OLD_FOREIGN_KEY_CHECKS=@@FOREIGN_KEY_CHECKS, FOREIGN_KEY_CHECKS=0 */;
/*!40101 SET @OLD_SQL_MODE=@@SQL_MODE, SQL_MODE='NO_AUTO_VALUE_ON_ZERO' */;
/*!40111 SET @OLD_SQL_NOTES=@@SQL_NOTES, SQL_NOTES=0 */;

--
-- Table structure for table `betanswers`
--

DROP TABLE IF EXISTS `betanswers`;
/*!40101 SET @saved_cs_client     = @@character_set_client */;
/*!40101 SET character_set_client = utf8 */;
CREATE TABLE `betanswers` (
  `id` int(11) NOT NULL AUTO_INCREMENT,
  `eventId` varchar(20) DEFAULT NULL,
  `answer` varchar(15) DEFAULT NULL,
  `ind` int(4) DEFAULT NULL,
  `points` int(11) DEFAULT NULL,
  PRIMARY KEY (`id`)
) ENGINE=InnoDB AUTO_INCREMENT=148 DEFAULT CHARSET=utf8mb3;
/*!40101 SET character_set_client = @saved_cs_client */;

--
-- Dumping data for table `betanswers`
--

LOCK TABLES `betanswers` WRITE;
/*!40000 ALTER TABLE `betanswers` DISABLE KEYS */;
INSERT INTO `betanswers` VALUES
(100,'1036423758459703347','Oui',1,NULL),
(101,'1036423758459703347','Non',2,NULL),
(102,'1036424367841759233','oui',1,NULL),
(103,'1036424367841759233','non',2,NULL),
(104,'1036424367841759233','peuetere',3,NULL),
(105,'1036425761701232650','azrarre',1,NULL),
(106,'1036425761701232650','rrrr',2,NULL),
(107,'1036425821621059685','dkkdkd',1,NULL),
(108,'1036425821621059685','llll',2,NULL),
(109,'1036425821621059685','dddd',3,NULL),
(110,'1036611094350934046','Oui',1,NULL),
(111,'1036611094350934046','non',2,NULL),
(112,'1036611755301941321','Oui',1,NULL),
(113,'1036611755301941321','Non',2,NULL),
(114,'1036612324712263720','Oui',1,NULL),
(115,'1036612324712263720','Non',2,NULL),
(116,'1036657752862371861','a',1,NULL),
(117,'1036657752862371861','b',2,NULL),
(118,'1036657752862371861','c',3,NULL),
(119,'1036661048838725632','Oui',1,NULL),
(120,'1036661048838725632','Non',2,NULL),
(121,'1036661317555208404','oui',1,NULL),
(122,'1036661317555208404','non',2,NULL),
(123,'1036664905354465321','Oui',1,NULL),
(124,'1036664905354465321','non',2,NULL),
(125,'1036664905354465321','peutetre',3,NULL),
(126,'1036665607120240782','ojiun',1,NULL),
(127,'1036665607120240782','non',2,NULL),
(128,'1036665607120240782','kdkd',3,NULL),
(129,'1036666148038639626','oui',1,NULL),
(130,'1036666148038639626','non',2,NULL),
(131,'1036667501586690090','Victoire',1,NULL),
(132,'1036667501586690090','Défaite',2,NULL),
(133,'1036688421218951168','Oui',1,NULL),
(134,'1036688421218951168','Non',2,NULL),
(135,'1036692081088933999','Vert ',1,NULL),
(136,'1036692081088933999','Orange ',2,NULL),
(137,'1036692081088933999','Rouge',3,NULL),
(138,'1036695275949019217','oui',1,NULL),
(139,'1036695275949019217','non',2,NULL),
(140,'1036697162651803710','Oui ',1,NULL),
(141,'1036697162651803710','Non ',2,NULL),
(142,'1036726342483456111','oui ',1,NULL),
(143,'1036726342483456111','non',2,NULL),
(144,'1036732789543948368','victoire ',1,NULL),
(145,'1036732789543948368','defaite ',2,NULL),
(146,'1036742307925479476','victoire ',1,NULL),
(147,'1036742307925479476','défaite',2,NULL);
/*!40000 ALTER TABLE `betanswers` ENABLE KEYS */;
UNLOCK TABLES;

--
-- Table structure for table `events`
--

DROP TABLE IF EXISTS `events`;
/*!40101 SET @saved_cs_client     = @@character_set_client */;
/*!40101 SET character_set_client = utf8 */;
CREATE TABLE `events` (
  `id` varchar(20) NOT NULL,
  `start` datetime DEFAULT NULL,
  `end` datetime DEFAULT NULL,
  `guildMemberId` char(20) DEFAULT NULL,
  `points` int(11) DEFAULT NULL,
  `guildId` char(20) DEFAULT NULL,
  `title` varchar(100) DEFAULT 'bet',
  PRIMARY KEY (`id`)
) ENGINE=InnoDB DEFAULT CHARSET=utf8mb3;
/*!40101 SET character_set_client = @saved_cs_client */;

--
-- Dumping data for table `events`
--

LOCK TABLES `events` WRITE;
/*!40000 ALTER TABLE `events` DISABLE KEYS */;
INSERT INTO `events` VALUES
('1036423758459703347','2022-10-31 00:38:05',NULL,'95523913689206784',NULL,'992432336878714930','Oui ou non ?'),
('1036424367841759233','2022-10-31 00:40:32',NULL,'95523913689206784',NULL,'992432336878714930','Oui ou non ?'),
('1036425761701232650','2022-10-31 00:46:02',NULL,'95523913689206784',NULL,'992432336878714930','aerazr'),
('1036425821621059685','2022-10-31 00:46:18',NULL,'95523913689206784',NULL,'992432336878714930','oui peutettre'),
('1036611094350934046','2022-10-31 13:02:34',NULL,'95523913689206784',NULL,'992432336878714930','Oui ou non'),
('1036611755301941321','2022-10-31 13:05:08',NULL,'95523913689206784',NULL,'992432336878714930','Oui ou non'),
('1036612324712263720','2022-10-31 13:07:23','2022-10-31 16:04:05','95523913689206784',NULL,'992432336878714930','Oui ou nonnnnn'),
('1036657752862371861','2022-10-31 16:08:01','2022-10-31 16:09:47','95482895040258048',NULL,'817560387578232872','bite'),
('1036661048838725632','2022-10-31 16:20:59',NULL,'95523913689206784',NULL,'992432336878714930','test'),
('1036661317555208404','2022-10-31 16:22:02','2022-10-31 16:26:33','95523913689206784',NULL,'992432336878714930','test2'),
('1036664905354465321','2022-10-31 16:36:22',NULL,'95523913689206784',NULL,'992432336878714930','testeur'),
('1036665607120240782','2022-10-31 16:39:09',NULL,'95523913689206784',NULL,'992432336878714930','oui ou nein'),
('1036666148038639626','2022-10-31 16:41:14','2022-10-31 16:41:47','95523913689206784',NULL,'992432336878714930','oui ou non'),
('1036667501586690090','2022-10-31 16:46:40','2022-10-31 16:48:41','95523913689206784',NULL,'817560387578232872','VICTOIRE OU DEFAITE'),
('1036688421218951168','2022-10-31 18:09:54','2022-10-31 18:39:41','253444555767021569',NULL,'817560387578232872','Top 2 mini ou pas'),
('1036692081088933999','2022-10-31 18:24:27','2022-10-31 18:28:10','141988601113214976',NULL,'817560387578232872','Pack ou pas cap'),
('1036695275949019217','2022-10-31 18:36:59',NULL,'95523913689206784',NULL,'992432336878714930','oui ou non'),
('1036697162651803710','2022-10-31 18:44:33','2022-10-31 18:49:33','141988601113214976',NULL,'817560387578232872','Mini 84 ou pas'),
('1036726342483456111','2022-10-31 20:40:34','2022-10-31 20:45:39','113122421405433856',NULL,'817560387578232872','Mini 84 ou pas'),
('1036732789543948368','2022-10-31 21:06:10','2022-10-31 21:39:04','113122421405433856',NULL,'817560387578232872','victoire ou défaite'),
('1036742307925479476','2022-10-31 21:43:58','2022-10-31 22:10:17','113122421405433856',NULL,'817560387578232872','victoire ou défaite');
/*!40000 ALTER TABLE `events` ENABLE KEYS */;
UNLOCK TABLES;

--
-- Table structure for table `registry`
--

DROP TABLE IF EXISTS `registry`;
/*!40101 SET @saved_cs_client     = @@character_set_client */;
/*!40101 SET character_set_client = utf8 */;
CREATE TABLE `registry` (
  `eventId` varchar(20) NOT NULL,
  `guildMemberId` varchar(20) NOT NULL,
  `answer` tinyint(1) NOT NULL DEFAULT 0,
  `points` int(11) NOT NULL,
  PRIMARY KEY (`eventId`,`guildMemberId`)
) ENGINE=InnoDB DEFAULT CHARSET=utf8mb3;
/*!40101 SET character_set_client = @saved_cs_client */;

--
-- Dumping data for table `registry`
--

LOCK TABLES `registry` WRITE;
/*!40000 ALTER TABLE `registry` DISABLE KEYS */;
INSERT INTO `registry` VALUES
('1036612324712263720','95523913689206784',2,1332),
('1036657752862371861','221693216833929216',2,50),
('1036657752862371861','253444555767021569',2,50),
('1036657752862371861','95482895040258048',1,1),
('1036657752862371861','95523913689206784',1,234),
('1036661048838725632','95523913689206784',1,2000),
('1036661317555208404','95523913689206784',1,2000),
('1036664905354465321','95523913689206784',2,500),
('1036665607120240782','95523913689206784',2,2000),
('1036666148038639626','95523913689206784',1,2000),
('1036667501586690090','153905410494038016',2,1000),
('1036667501586690090','221693216833929216',2,50),
('1036667501586690090','95482895040258048',2,500),
('1036667501586690090','95523913689206784',1,1000),
('1036688421218951168','113122421405433856',1,300),
('1036688421218951168','141988601113214976',2,30),
('1036688421218951168','253444555767021569',2,100),
('1036688421218951168','95482895040258048',2,400),
('1036688421218951168','95523913689206784',2,200),
('1036692081088933999','113122421405433856',1,100),
('1036692081088933999','141988601113214976',2,50),
('1036692081088933999','210108691490275328',3,300),
('1036692081088933999','253444555767021569',2,100),
('1036692081088933999','440478292328579082',2,50),
('1036695275949019217','95523913689206784',1,100),
('1036697162651803710','113122421405433856',1,100),
('1036697162651803710','141988601113214976',1,20),
('1036697162651803710','210108691490275328',2,100),
('1036697162651803710','440478292328579082',1,300),
('1036726342483456111','113122421405433856',1,100),
('1036726342483456111','141988601113214976',2,100),
('1036726342483456111','210108691490275328',2,100),
('1036726342483456111','253444555767021569',2,100),
('1036732789543948368','113122421405433856',1,50),
('1036732789543948368','210108691490275328',1,200),
('1036742307925479476','113122421405433856',2,100),
('1036742307925479476','141988601113214976',2,50),
('1036742307925479476','210108691490275328',1,200);
/*!40000 ALTER TABLE `registry` ENABLE KEYS */;
UNLOCK TABLES;

--
-- Table structure for table `users`
--

DROP TABLE IF EXISTS `users`;
/*!40101 SET @saved_cs_client     = @@character_set_client */;
/*!40101 SET character_set_client = utf8 */;
CREATE TABLE `users` (
  `guildId` char(20) NOT NULL,
  `userId` char(20) DEFAULT NULL,
  `guildMemberId` char(20) NOT NULL,
  `points` int(11) DEFAULT 3000,
  PRIMARY KEY (`guildId`,`guildMemberId`)
) ENGINE=InnoDB DEFAULT CHARSET=utf8mb3;
/*!40101 SET character_set_client = @saved_cs_client */;

--
-- Dumping data for table `users`
--

LOCK TABLES `users` WRITE;
/*!40000 ALTER TABLE `users` DISABLE KEYS */;
INSERT INTO `users` VALUES
('101','303','202',3000),
('817560387578232872','113122421405433856','113122421405433856',3056),
('817560387578232872','141988601113214976','141988601113214976',3082),
('817560387578232872','153905410494038016','153905410494038016',3000),
('817560387578232872','210108691490275328','210108691490275328',2300),
('817560387578232872','221693216833929216','221693216833929216',3000),
('817560387578232872','234968233843621898','234968233843621898',3000),
('817560387578232872','253444555767021569','253444555767021569',3141),
('817560387578232872','440478292328579082','440478292328579082',3171),
('817560387578232872','95482895040258048','95482895040258048',3164),
('817560387578232872','95523913689206784','95523913689206784',3082),
('992432336878714','955239136892067','955239136892067',3000),
('992432336878714930','95523913689206784','95523913689206784',2900);
/*!40000 ALTER TABLE `users` ENABLE KEYS */;
UNLOCK TABLES;
/*!40103 SET TIME_ZONE=@OLD_TIME_ZONE */;

/*!40101 SET SQL_MODE=@OLD_SQL_MODE */;
/*!40014 SET FOREIGN_KEY_CHECKS=@OLD_FOREIGN_KEY_CHECKS */;
/*!40014 SET UNIQUE_CHECKS=@OLD_UNIQUE_CHECKS */;
/*!40101 SET CHARACTER_SET_CLIENT=@OLD_CHARACTER_SET_CLIENT */;
/*!40101 SET CHARACTER_SET_RESULTS=@OLD_CHARACTER_SET_RESULTS */;
/*!40101 SET COLLATION_CONNECTION=@OLD_COLLATION_CONNECTION */;
/*!40111 SET SQL_NOTES=@OLD_SQL_NOTES */;

-- Dump completed on 2022-10-31 23:30:16
